timestamp,temperature
2024-12-09 23:00:00,51.39272183633621
2024-12-09 23:30:38,50.64531551135664
2024-12-10 00:01:16,48.024453553373576
2024-12-10 00:31:54,51.130363388966146
2024-12-10 01:02:33,48.222634866255056
2024-12-10 01:33:11,46.29554335840489
2024-12-10 02:03:49,45.30434121945543
2024-12-10 02:34:27,42.61331709836754
2024-12-10 03:05:06,39.00426861793656
2024-12-10 03:35:44,39.00377700233662
2024-12-10 04:06:22,35.04054180194635
2024-12-10 04:37:01,39.31283415316116
2024-12-10 05:07:39,39.70271816942021
2024-12-10 05:38:17,36.032439955230885
2024-12-10 06:08:55,36.62941019076445
2024-12-10 06:39:34,35.25040922521066
2024-12-10 07:10:12,33.43126923783375
2024-12-10 07:40:50,34.88490834057939
2024-12-10 08:11:28,33.685419837992754
2024-12-10 08:42:07,33.96323463860483
2024-12-10 09:12:45,38.386973703880074
2024-12-10 09:43:23,36.21853112948945
2024-12-10 10:14:02,36.2292150824422
2024-12-10 10:44:40,37.322278158608796
2024-12-10 11:15:18,34.607334090748196
2024-12-10 11:45:56,39.51735584070737
2024-12-10 12:16:35,35.28801591680485
2024-12-10 12:47:13,30.82910684737893
2024-12-10 13:17:51,31.488146625068318
2024-12-10 13:48:30,36.48008321598428
2024-12-10 14:19:08,31.93930897547033
2024-12-10 14:49:46,32.739912528215605
2024-12-10 15:20:24,34.82615069071765
2024-12-10 15:51:03,38.35310806648596
2024-12-10 16:21:41,37.59418909182931
2024-12-10 16:52:19,37.217440288877796
2024-12-10 17:22:57,37.280432484040574
2024-12-10 17:53:36,35.64465814419175
2024-12-10 18:24:14,31.306736240735887
2024-12-10 18:54:52,31.874375925162692
2024-12-10 19:25:31,32.68621981264944
2024-12-10 19:56:09,32.49811609689202
2024-12-10 20:26:47,35.56327514817434
2024-12-10 20:57:25,31.50410740858952
2024-12-10 21:28:04,30.31346567465051
2024-12-10 21:58:42,25.846709366717224
2024-12-10 22:29:20,21.147757846084616
2024-12-10 22:59:59,20.453010088707714
2024-12-10 23:00:00,20.453010088707714
2024-12-10 23:30:38,18.907772194544442
2024-12-11 00:01:16,20.146396510220594
2024-12-11 00:31:54,24.963676704536642
2024-12-11 01:02:33,28.294995897335546
2024-12-11 01:33:11,27.691869534803196
2024-12-11 02:03:49,30.49514947293086
2024-12-11 02:34:27,35.21417381484527
2024-12-11 03:05:06,35.098444185139705
2024-12-11 03:35:44,34.432404839861654
2024-12-11 04:06:22,29.731511485358794
2024-12-11 04:37:01,26.13699482616566
2024-12-11 05:07:39,26.438264006916224
2024-12-11 05:38:17,23.74982139715372
2024-12-11 06:08:55,27.08549252493929
2024-12-11 06:39:34,22.19789533219218
2024-12-11 07:10:12,24.10189836856943
2024-12-11 07:40:50,26.631930341439848
2024-12-11 08:11:28,26.20747527743161
2024-12-11 08:42:07,22.132237232211097
2024-12-11 09:12:45,19.158388705385793
2024-12-11 09:43:23,23.451207351269655
2024-12-11 10:14:02,23.229551233289243
2024-12-11 10:44:40,22.31550082268874
2024-12-11 11:15:18,22.420735342432007
2024-12-11 11:45:56,21.42946187319468
2024-12-11 12:16:35,17.206873704214786
2024-12-11 12:47:13,19.002460958637197
2024-12-11 13:17:51,16.732676433605295
2024-12-11 13:48:30,12.153599265398402
2024-12-11 14:19:08,8.306857770184845
2024-12-11 14:49:46,13.180860053144148
2024-12-11 15:20:24,9.080895670679658
2024-12-11 15:51:03,6.623439422267024
2024-12-11 16:21:41,4.653858359501555
2024-12-11 16:52:19,1.708294131554581
2024-12-11 17:22:57,4.920839646158141
2024-12-11 17:53:36,0.23597538560145281
2024-12-11 18:24:14,3.3294574281244405
2024-12-11 18:54:52,2.38126262623613
2024-12-11 19:25:31,1.0332204456044014
2024-12-11 19:56:09,3.7674870691561253
2024-12-11 20:26:47,6.3557066088082035
2024-12-11 20:57:25,7.7200126201592045
2024-12-11 21:28:04,3.730716904616076
2024-12-11 21:58:42,6.27960665839621
2024-12-11 22:29:20,1.9775056355441594
2024-12-11 22:59:59,-0.7687998499337443
2024-12-11 23:00:00,-0.7687998499337443
2024-12-11 23:30:38,-1.9741379244758481
2024-12-12 00:01:16,2.775045689262878
2024-12-12 00:31:54,0.7856310097501891
2024-12-12 01:02:33,-0.8953649549794425
2024-12-12 01:33:11,2.6570917260626934
2024-12-12 02:03:49,-0.09115931826337453
2024-12-12 02:34:27,-0.40779989645951753
2024-12-12 03:05:06,-1.4689351390355054
2024-12-12 03:35:44,-1.1944130930657546
2024-12-12 04:06:22,-0.7197894627170078
2024-12-12 04:37:01,-5.340155991145782
2024-12-12 05:07:39,-7.266255201056763
2024-12-12 05:38:17,-8.097487533651197
2024-12-12 06:08:55,-5.226034947444504
2024-12-12 06:39:34,-8.48325840136559
2024-12-12 07:10:12,-8.548018799712969
2024-12-12 07:40:50,-5.418111583900586
2024-12-12 08:11:28,-3.4563843488447734
2024-12-12 08:42:07,-5.0407481692459415
2024-12-12 09:12:45,-0.4301203235517699
2024-12-12 09:43:23,0.0527585734375462
2024-12-12 10:14:02,1.6484059844332348
2024-12-12 10:44:40,6.289248417553963
2024-12-12 11:15:18,1.3835026248567468
2024-12-12 11:45:56,3.5222412499639626
2024-12-12 12:16:35,3.771464717237744
2024-12-12 12:47:13,7.967705159711646
2024-12-12 13:17:51,3.5946630583129737
2024-12-12 13:48:30,5.296236532293922
2024-12-12 14:19:08,6.302795544146208
2024-12-12 14:49:46,3.456385728121348
2024-12-12 15:20:24,3.0624463600412595
2024-12-12 15:51:03,1.8309579654871873
2024-12-12 16:21:41,1.286834203708056
2024-12-12 16:52:19,0.40103738810682854
2024-12-12 17:22:57,-0.675276984903681
2024-12-12 17:53:36,-4.7081283726344605
2024-12-12 18:24:14,-0.07832857649071201
2024-12-12 18:54:52,-1.3122385301528263
2024-12-12 19:25:31,-5.13082876334348
2024-12-12 19:56:09,-1.8795749995361302
2024-12-12 20:26:47,-1.3392683307613806
2024-12-12 20:57:25,-3.362582832153036
2024-12-12 21:28:04,-1.8566530566750465
2024-12-12 21:58:42,-5.329418122355939
2024-12-12 22:29:20,-7.086803743213897
2024-12-12 22:59:59,-3.956646792355519
2024-12-12 23:00:00,-3.956646792355519
2024-12-12 23:30:38,-1.9070458630162186
2024-12-13 00:01:16,2.4884892683607056
2024-12-13 00:31:54,0.19467368359433124
2024-12-13 01:02:33,-2.5058734159465996
2024-12-13 01:33:11,-0.1483193451720406
2024-12-13 02:03:49,-2.160529014687906
2024-12-13 02:34:27,-5.702545170907284
2024-12-13 03:05:06,-10.0
2024-12-13 03:35:44,-10.0
2024-12-13 04:06:22,-5.3413881974562845
2024-12-13 04:37:01,-2.6542425200320983
2024-12-13 05:07:39,-5.5585549422881275
2024-12-13 05:38:17,-2.222635369952405
2024-12-13 06:08:55,-0.3441710673411844
2024-12-13 06:39:34,-2.379547981296244
2024-12-13 07:10:12,-1.640238851754547
2024-12-13 07:40:50,-4.381044500715019
2024-12-13 08:11:28,-3.7755529554409755
2024-12-13 08:42:07,-0.6302375468667609
2024-12-13 09:12:45,3.113725927302859
2024-12-13 09:43:23,0.5627759711228801
2024-12-13 10:14:02,4.284243148880945
2024-12-13 10:44:40,-0.03577903229735746
2024-12-13 11:15:18,-1.3286007519576195
2024-12-13 11:45:56,-0.5741683015047405
2024-12-13 12:16:35,-4.142860355238795
2024-12-13 12:47:13,-5.391346850589716
2024-12-13 13:17:51,-5.942041039890109
2024-12-13 13:48:30,-9.264002708572228
2024-12-13 14:19:08,-6.494758926018597
2024-12-13 14:49:46,-4.5230135638404745
2024-12-13 15:20:24,-2.4501828118330202
2024-12-13 15:51:03,-3.3822655934892083
2024-12-13 16:21:41,-0.19302695346408782
2024-12-13 16:52:19,3.7694019471608495
2024-12-13 17:22:57,7.2846634149821945
2024-12-13 17:53:36,3.922355914523509
2024-12-13 18:24:14,8.605666542680371
2024-12-13 18:54:52,13.025723832790563
2024-12-13 19:25:31,15.692826314017225
2024-12-13 19:56:09,19.757897388372193
2024-12-13 20:26:47,24.022779753504004
2024-12-13 20:57:25,21.870475391369244
2024-12-13 21:28:04,22.740443447933178
2024-12-13 21:58:42,22.064804258676702
2024-12-13 22:29:20,22.222515889814616
2024-12-13 22:59:59,23.05322487119831
2024-12-13 23:00:00,23.05322487119831
2024-12-13 23:30:38,23.37957713864037
2024-12-14 00:01:16,18.71341655768002
2024-12-14 00:31:54,19.73627433766314
2024-12-14 01:02:33,14.878586569883446
2024-12-14 01:33:11,12.889888076410562
2024-12-14 02:03:49,15.159926747514787
2024-12-14 02:34:27,19.75338205487863
2024-12-14 03:05:06,21.239645359579754
2024-12-14 03:35:44,19.370782781120315
2024-12-14 04:06:22,21.87858854590681
2024-12-14 04:37:01,26.14116129964932
2024-12-14 05:07:39,28.65722623637023
2024-12-14 05:38:17,23.87455143442387
2024-12-14 06:08:55,28.101591610849447
2024-12-14 06:39:34,26.360469821173375
2024-12-14 07:10:12,25.284178566257097
2024-12-14 07:40:50,24.813566044205782
2024-12-14 08:11:28,23.139741420835506
2024-12-14 08:42:07,24.850201295781524
2024-12-14 09:12:45,21.373823314944342
2024-12-14 09:43:23,24.34524408201186
2024-12-14 10:14:02,20.619512257571813
2024-12-14 10:44:40,24.666892769879198
2024-12-14 11:15:18,28.85531282534693
2024-12-14 11:45:56,32.31290667964777
2024-12-14 12:16:35,27.88296375454784
2024-12-14 12:47:13,31.395043552935093
2024-12-14 13:17:51,34.276122367912606
2024-12-14 13:48:30,37.39277624930284
2024-12-14 14:19:08,34.01144239527248
2024-12-14 14:49:46,34.63775547415381
2024-12-14 15:20:24,33.06513865854036
2024-12-14 15:51:03,30.286476129238082
2024-12-14 16:21:41,29.023752522591135
2024-12-14 16:52:19,24.474923287519356
2024-12-14 17:22:57,19.503459013836757
2024-12-14 17:53:36,15.455798240813982
2024-12-14 18:24:14,16.731476497036255
2024-12-14 18:54:52,13.915199230987332
2024-12-14 19:25:31,18.44660551084928
2024-12-14 19:56:09,16.09711312504773
2024-12-14 20:26:47,19.664876719946605
2024-12-14 20:57:25,19.510477674471392
2024-12-14 21:28:04,22.654454862140998
2024-12-14 21:58:42,25.50513683933046
2024-12-14 22:29:20,25.317789412926366
2024-12-14 22:59:59,26.3814171103892
2024-12-14 23:00:00,26.3814171103892
2024-12-14 23:30:38,31.197947796549816
2024-12-15 00:01:16,34.87721103104209
2024-12-15 00:31:54,35.496777185781625
2024-12-15 01:02:33,33.24563781131035
2024-12-15 01:33:11,29.545617688120267
2024-12-15 02:03:49,29.380917769360952
2024-12-15 02:34:27,28.59837228860411
2024-12-15 03:05:06,30.987503097456916
2024-12-15 03:35:44,35.57140976446104
2024-12-15 04:06:22,35.5455529270744
2024-12-15 04:37:01,32.823905168941465
2024-12-15 05:07:39,33.314388643758896
2024-12-15 05:38:17,28.375831762346174
2024-12-15 06:08:55,32.88931323879231
2024-12-15 06:39:34,35.888630803203746
2024-12-15 07:10:12,37.31786547894153
2024-12-15 07:40:50,38.72999378236865
2024-12-15 08:11:28,36.031251990790686
2024-12-15 08:42:07,36.52409629839953
2024-12-15 09:12:45,40.77486972514082
2024-12-15 09:43:23,39.43892696770653
2024-12-15 10:14:02,40.054017672425466
2024-12-15 10:44:40,38.59956579297099
2024-12-15 11:15:18,41.0345522354684
2024-12-15 11:45:56,37.21981946784634
2024-12-15 12:16:35,33.04818957385976
2024-12-15 12:47:13,33.12765576711695
2024-12-15 13:17:51,38.02493888803117
2024-12-15 13:48:30,37.17859831080079
2024-12-15 14:19:08,35.837739853748396
2024-12-15 14:49:46,39.611797919063235
2024-12-15 15:20:24,43.84125554454693
2024-12-15 15:51:03,47.34967329107991
2024-12-15 16:21:41,46.95956656637243
2024-12-15 16:52:19,44.07085112224412
2024-12-15 17:22:57,40.61519356154763
2024-12-15 17:53:36,37.85921978476845
2024-12-15 18:24:14,40.20965374505724
2024-12-15 18:54:52,36.63593279608266
2024-12-15 19:25:31,35.871664303751984
2024-12-15 19:56:09,33.56860573473269
2024-12-15 20:26:47,30.648282384275845
2024-12-15 20:57:25,29.6248671162062
2024-12-15 21:28:04,30.4832437225943
2024-12-15 21:58:42,31.896108638225133
2024-12-15 22:29:20,33.04154719185763
2024-12-15 22:59:59,36.370892679368765
2024-12-15 23:00:00,36.370892679368765
2024-12-15 23:30:38,35.09951615132397
2024-12-16 00:01:16,35.29262887079029
2024-12-16 00:31:54,37.97415241983569
2024-12-16 01:02:33,34.80565715836431
2024-12-16 01:33:11,34.938247776131846
2024-12-16 02:03:49,36.76282536861066
2024-12-16 02:34:27,31.967987415388823
2024-12-16 03:05:06,28.79882347006397
2024-12-16 03:35:44,24.017432158634527
2024-12-16 04:06:22,27.953815516173613
2024-12-16 04:37:01,25.800320661745957
2024-12-16 05:07:39,24.93662160900154
2024-12-16 05:38:17,29.01073358228127
2024-12-16 06:08:55,27.17564224856661
2024-12-16 06:39:34,29.230609364491023
2024-12-16 07:10:12,31.055180792212884
2024-12-16 07:40:50,34.36412690225467
2024-12-16 08:11:28,29.979717426633005
2024-12-16 08:42:07,28.550952618828095
2024-12-16 09:12:45,29.954956614028408
2024-12-16 09:43:23,27.481064888171755
2024-12-16 10:14:02,26.827215076053456
2024-12-16 10:44:40,28.226070056520715
2024-12-16 11:15:18,28.712301486770695
2024-12-16 11:45:56,30.137841365956465
2024-12-16 12:16:35,32.852873451246765
2024-12-16 12:47:13,30.058752826067714
2024-12-16 13:17:51,32.824127415065874
2024-12-16 13:48:30,29.847341161614317
2024-12-16 14:19:08,30.46434254929779
2024-12-16 14:49:46,27.22589443057194
2024-12-16 15:20:24,22.77916910330108
2024-12-16 15:51:03,22.340085050022495
2024-12-16 16:21:41,20.897800439570602
2024-12-16 16:52:19,22.201307417256512
2024-12-16 17:22:57,24.039494926748453
2024-12-16 17:53:36,20.5503429221777
2024-12-16 18:24:14,22.898394399310252
2024-12-16 18:54:52,21.273019718136894
2024-12-16 19:25:31,19.04926894058788
2024-12-16 19:56:09,15.215989230166954
2024-12-16 20:26:47,16.83002127297137
2024-12-16 20:57:25,12.187297220727329
2024-12-16 21:28:04,14.403087715896977
2024-12-16 21:58:42,12.065966539241618
2024-12-16 22:29:20,16.064725953964803
2024-12-16 22:59:59,15.025953218470745
2024-12-16 23:00:00,15.025953218470745
2024-12-16 23:30:38,11.041000336375157
2024-12-17 00:01:16,13.732016115018126
2024-12-17 00:31:54,14.860556777806083
2024-12-17 01:02:33,11.728310522361229
2024-12-17 01:33:11,15.794839786451648
2024-12-17 02:03:49,14.022932975928601
2024-12-17 02:34:27,10.662258758454069
2024-12-17 03:05:06,6.429446957751574
2024-12-17 03:35:44,9.321868486625593
2024-12-17 04:06:22,10.001357870637875
2024-12-17 04:37:01,5.349513529298056
2024-12-17 05:07:39,0.37794670341283876
2024-12-17 05:38:17,4.83334004342465
2024-12-17 06:08:55,5.7714698953697905
2024-12-17 06:39:34,6.989809426461743
2024-12-17 07:10:12,10.637330767184253
2024-12-17 07:40:50,8.692959158429339
2024-12-17 08:11:28,12.216171067924622
2024-12-17 08:42:07,8.461486137734981
2024-12-17 09:12:45,8.155677732675262
2024-12-17 09:43:23,11.959321227314616
2024-12-17 10:14:02,15.888551722957661
2024-12-17 10:44:40,18.47505241351951
2024-12-17 11:15:18,15.489209419097435
2024-12-17 11:45:56,15.10315824091527
2024-12-17 12:16:35,19.3368672915298
2024-12-17 12:47:13,20.717826022204378
2024-12-17 13:17:51,18.41029408669047
2024-12-17 13:48:30,20.31345737779011
2024-12-17 14:19:08,17.909150505520792
2024-12-17 14:49:46,14.947758694271469
2024-12-17 15:20:24,17.50850289457232
2024-12-17 15:51:03,16.902008936963977
2024-12-17 16:21:41,21.77174934869649
2024-12-17 16:52:19,22.614991322518133
2024-12-17 17:22:57,19.033105917218677
2024-12-17 17:53:36,21.104751470131546
2024-12-17 18:24:14,21.728349341385726
2024-12-17 18:54:52,22.652085143621775
2024-12-17 19:25:31,23.67407011553327
2024-12-17 19:56:09,19.416011159049194
2024-12-17 20:26:47,18.73507778059247
2024-12-17 20:57:25,17.012041953647635
2024-12-17 21:28:04,19.395062736109107
2024-12-17 21:58:42,18.55158933258736
2024-12-17 22:29:20,15.258511367242413
2024-12-17 22:59:59,18.954006284710502
2024-12-17 23:00:00,18.954006284710502
2024-12-17 23:30:38,19.066566212237355
2024-12-18 00:01:16,15.87159021303087
2024-12-18 00:31:54,16.942969683787048
2024-12-18 01:02:33,13.080321399638287
2024-12-18 01:33:11,15.979400528147146
2024-12-18 02:03:49,14.192474036601068
2024-12-18 02:34:27,18.137321477718025
2024-12-18 03:05:06,20.30556630069814
2024-12-18 03:35:44,18.167989889983218
2024-12-18 04:06:22,21.9416864220512
2024-12-18 04:37:01,25.130536988679573
2024-12-18 05:07:39,21.420326889417886
2024-12-18 05:38:17,23.6894619361125
2024-12-18 06:08:55,23.64117641662303
2024-12-18 06:39:34,27.54949222479387
2024-12-18 07:10:12,27.524499459019356
2024-12-18 07:40:50,24.96514037206595
2024-12-18 08:11:28,29.413886591004484
2024-12-18 08:42:07,25.670676547946293
2024-12-18 09:12:45,21.17625531956635
2024-12-18 09:43:23,23.86038304899988
2024-12-18 10:14:02,26.498332139682567
2024-12-18 10:44:40,28.91198192863394
2024-12-18 11:15:18,24.08562800015232
2024-12-18 11:45:56,24.4774775016473
2024-12-18 12:16:35,24.63082996692927
2024-12-18 12:47:13,28.845862586319598
2024-12-18 13:17:51,29.00339725263988
2024-12-18 13:48:30,31.097777464142577
2024-12-18 14:19:08,34.63887916204705
2024-12-18 14:49:46,34.52304721144128
2024-12-18 15:20:24,29.71843491155171
2024-12-18 15:51:03,33.4016420930254
2024-12-18 16:21:41,28.57167196781511
2024-12-18 16:52:19,28.115682596137365
2024-12-18 17:22:57,28.22565102232811
2024-12-18 17:53:36,23.892821442839946
2024-12-18 18:24:14,18.973461133541086
2024-12-18 18:54:52,14.960993618085983
2024-12-18 19:25:31,10.180241873186791
2024-12-18 19:56:09,5.793770344194378
2024-12-18 20:26:47,6.647286426410009
2024-12-18 20:57:25,6.128372801847487
2024-12-18 21:28:04,7.907592101442785
2024-12-18 21:58:42,2.954455981037439
2024-12-18 22:29:20,3.8593408450671083
2024-12-18 22:59:59,8.727433280843687
2024-12-18 23:00:00,8.727433280843687
2024-12-18 23:30:38,9.305808529802523
2024-12-19 00:01:16,7.319738442250041
2024-12-19 00:31:54,5.131383589499484
2024-12-19 01:02:33,8.03125064032248
2024-12-19 01:33:11,4.853471781795009
2024-12-19 02:03:49,5.877071984109864
2024-12-19 02:34:27,7.466929805699284
2024-12-19 03:05:06,8.5998206948064
2024-12-19 03:35:44,12.419910604213063
2024-12-19 04:06:22,10.795374162988686
2024-12-19 04:37:01,7.88805720743793
2024-12-19 05:07:39,9.380764163310957
2024-12-19 05:38:17,6.07327492870853
2024-12-19 06:08:55,3.344385331429234
2024-12-19 06:39:34,0.5823771101147885
2024-12-19 07:10:12,4.1754330837051095
2024-12-19 07:40:50,-0.19795568863974644
2024-12-19 08:11:28,-3.3999379957207414
2024-12-19 08:42:07,-5.252014633501227
2024-12-19 09:12:45,-4.7749132336438596
2024-12-19 09:43:23,-8.73160493680749
2024-12-19 10:14:02,-10.0
2024-12-19 10:44:40,-10.0
2024-12-19 11:15:18,-10.0
2024-12-19 11:45:56,-10.0
2024-12-19 12:16:35,-10.0
2024-12-19 12:47:13,-10.0
2024-12-19 13:17:51,-9.617548261950049
2024-12-19 13:48:30,-9.193034419441876
2024-12-19 14:19:08,-10.0
2024-12-19 14:49:46,-7.763846409213503
2024-12-19 15:20:24,-10.0
2024-12-19 15:51:03,-6.489419866701681
2024-12-19 16:21:41,-2.1330111861568053
2024-12-19 16:52:19,0.003619888129611226
2024-12-19 17:22:57,-2.130552413780756
2024-12-19 17:53:36,2.249646836951066
2024-12-19 18:24:14,6.616976566425595
2024-12-19 18:54:52,10.511088930040124
2024-12-19 19:25:31,8.155986568833804
2024-12-19 19:56:09,4.7862524262520125
2024-12-19 20:26:47,1.7642330653388694
2024-12-19 20:57:25,6.3278335186591
2024-12-19 21:28:04,5.287457949632901
2024-12-19 21:58:42,3.15276576632726
2024-12-19 22:29:20,7.424853797065207
2024-12-19 22:59:59,12.395167739033461
2024-12-19 23:00:00,12.395167739033461
2024-12-19 23:30:38,14.362670378363187
2024-12-20 00:01:16,11.245345027369929
2024-12-20 00:31:54,8.150022228110924
2024-12-20 01:02:33,5.138075480022136
2024-12-20 01:33:11,0.856196552332527
2024-12-20 02:03:49,-1.319951220316577
2024-12-20 02:34:27,-4.243597219941749
2024-12-20 03:05:06,-5.373049643473719
2024-12-20 03:35:44,-1.6553223000910187
2024-12-20 04:06:22,-3.4682633760327164
2024-12-20 04:37:01,0.5553244822814012
2024-12-20 05:07:39,-0.5792514534263198
2024-12-20 05:38:17,-0.1240850537247784
2024-12-20 06:08:55,-1.125231473813738
2024-12-20 06:39:34,-2.7974446106203175
2024-12-20 07:10:12,-3.1413280668838492
2024-12-20 07:40:50,0.02684188535271481
2024-12-20 08:11:28,0.7505870622026869
2024-12-20 08:42:07,-1.0401312058118384
2024-12-20 09:12:45,-5.539777894663654
2024-12-20 09:43:23,-3.727153414919915
2024-12-20 10:14:02,-4.788716658763863
2024-12-20 10:44:40,-0.8719537219632878
2024-12-20 11:15:18,-1.923890624350928
2024-12-20 11:45:56,0.5378101402142099
2024-12-20 12:16:35,-1.2152964873940273
2024-12-20 12:47:13,1.9657087300194225
2024-12-20 13:17:51,6.405485594525572
2024-12-20 13:48:30,2.4282037058468724
2024-12-20 14:19:08,2.452262850473618
2024-12-20 14:49:46,3.889826316294359
2024-12-20 15:20:24,4.146633196157987
2024-12-20 15:51:03,2.808050422773962
2024-12-20 16:21:41,5.567546914279769
2024-12-20 16:52:19,4.528671242441954
2024-12-20 17:22:57,6.323034152111414
2024-12-20 17:53:36,5.697845617436403
2024-12-20 18:24:14,10.350537089595393
2024-12-20 18:54:52,7.851747672598277
2024-12-20 19:25:31,8.54514418383301
2024-12-20 19:56:09,10.323562148480214
2024-12-20 20:26:47,11.429247224623365
2024-12-20 20:57:25,12.0063068465716
2024-12-20 21:28:04,12.8767635811506
2024-12-20 21:58:42,15.01882679184499
2024-12-20 22:29:20,15.278598710661964
2024-12-20 22:59:59,11.543310024535288
2024-12-20 23:00:00,11.543310024535288
2024-12-20 23:30:38,16.01285457807981
2024-12-21 00:01:16,13.70953897486902
2024-12-21 00:31:54,13.051147732485296
2024-12-21 01:02:33,10.445909701243485
2024-12-21 01:33:11,8.367724523342783
2024-12-21 02:03:49,12.755152273827273
2024-12-21 02:34:27,14.403197539660622
2024-12-21 03:05:06,10.132911747103401
2024-12-21 03:35:44,5.251670203189695
2024-12-21 04:06:22,5.527317949561631
2024-12-21 04:37:01,2.713099958738203
2024-12-21 05:07:39,0.1097331054977122
2024-12-21 05:38:17,-4.009700306139871
2024-12-21 06:08:55,-5.56274094193374
2024-12-21 06:39:34,-10.0
2024-12-21 07:10:12,-10.0
2024-12-21 07:40:50,-10.0
2024-12-21 08:11:28,-10.0
2024-12-21 08:42:07,-8.838081232131485
2024-12-21 09:12:45,-4.499597113381659
2024-12-21 09:43:23,-9.140435846845277
2024-12-21 10:14:02,-10.0
2024-12-21 10:44:40,-8.920361339902492
2024-12-21 11:15:18,-4.408244433604807
2024-12-21 11:45:56,-4.449808831322041
2024-12-21 12:16:35,-0.5766516075127406
2024-12-21 12:47:13,-3.0483632445954782
2024-12-21 13:17:51,-0.6410963882358462
2024-12-21 13:48:30,4.1234190664919765
2024-12-21 14:19:08,4.047308705099468
2024-12-21 14:49:46,2.773227591962146
2024-12-21 15:20:24,7.681368575486413
2024-12-21 15:51:03,6.184383077389245
2024-12-21 16:21:41,4.575520609498149
2024-12-21 16:52:19,1.0992084324287514
2024-12-21 17:22:57,-0.4459810393447423
2024-12-21 17:53:36,-2.90820681843247
2024-12-21 18:24:14,-5.234004624186218
2024-12-21 18:54:52,-2.514558460646535
2024-12-21 19:25:31,-4.804035748389652
2024-12-21 19:56:09,-6.819201343888954
2024-12-21 20:26:47,-10.0
2024-12-21 20:57:25,-10.0
2024-12-21 21:28:04,-7.95726105071741
2024-12-21 21:58:42,-10.0
2024-12-21 22:29:20,-6.255100953123096
2024-12-21 22:59:59,-10.0
2024-12-21 23:00:00,-10.0
2024-12-21 23:30:38,-7.818367385551985
2024-12-22 00:01:16,-4.7577600762946695
2024-12-22 00:31:54,-9.68920590423059
2024-12-22 01:02:33,-10.0
2024-12-22 01:33:11,-7.49675593564778
2024-12-22 02:03:49,-10.0
2024-12-22 02:34:27,-10.0
2024-12-22 03:05:06,-9.574669261307111
2024-12-22 03:35:44,-10.0
2024-12-22 04:06:22,-9.518346042474219
2024-12-22 04:37:01,-10.0
2024-12-22 05:07:39,-10.0
2024-12-22 05:38:17,-10.0
2024-12-22 06:08:55,-8.538765162052846
2024-12-22 06:39:34,-9.758316193625689
2024-12-22 07:10:12,-10.0
2024-12-22 07:40:50,-5.174135702645128
2024-12-22 08:11:28,-6.140965932522789
2024-12-22 08:42:07,-10.0
2024-12-22 09:12:45,-9.784731107683935
2024-12-22 09:43:23,-6.135066975222124
2024-12-22 10:14:02,-1.4583003299443043
2024-12-22 10:44:40,-2.648936369426603
2024-12-22 11:15:18,0.5291511220207701
2024-12-22 11:45:56,3.1968455229328843
2024-12-22 12:16:35,-1.2187296720920742
2024-12-22 12:47:13,1.3855474648239703
2024-12-22 13:17:51,4.731564881865124
2024-12-22 13:48:30,5.995156599263407
2024-12-22 14:19:08,8.9408270641443
2024-12-22 14:49:46,11.018215645220995
2024-12-22 15:20:24,7.4746802830989445
2024-12-22 15:51:03,12.16384045231486
2024-12-22 16:21:41,12.316586124482225
2024-12-22 16:52:19,11.066723492858625
2024-12-22 17:22:57,14.860768174191723
2024-12-22 17:53:36,18.99816101713263
2024-12-22 18:24:14,19.558699904786344
2024-12-22 18:54:52,23.714074320103634
2024-12-22 19:25:31,20.70840436994392
2024-12-22 19:56:09,24.027237513758827
2024-12-22 20:26:47,28.19498396776163
2024-12-22 20:57:25,29.06946928182274
2024-12-22 21:28:04,30.494591120508417
2024-12-22 21:58:42,32.90280958780909
2024-12-22 22:29:20,33.26299999752923
2024-12-22 22:59:59,28.724763366709013
2024-12-22 23:00:00,28.724763366709013
2024-12-22 23:30:38,23.893187181680503
2024-12-23 00:01:16,21.122041702765536
2024-12-23 00:31:54,20.647388529407216
2024-12-23 01:02:33,21.98642015689512
2024-12-23 01:33:11,20.437603029864388
2024-12-23 02:03:49,24.443958147756426
2024-12-23 02:34:27,22.266465390593112
2024-12-23 03:05:06,21.476736489111342
2024-12-23 03:35:44,22.702540175527975
2024-12-23 04:06:22,18.93881407281673
2024-12-23 04:37:01,15.78986644731211
2024-12-23 05:07:39,11.27611177729614
2024-12-23 05:38:17,15.221509854958121
2024-12-23 06:08:55,19.99334088487816
2024-12-23 06:39:34,24.679871711940805
2024-12-23 07:10:12,28.070109398266826
2024-12-23 07:40:50,25.897953963785934
2024-12-23 08:11:28,28.591208890421335
2024-12-23 08:42:07,26.38506788578753
2024-12-23 09:12:45,21.894279166919876
2024-12-23 09:43:23,19.935494252130017
2024-12-23 10:14:02,15.879400912317362
2024-12-23 10:44:40,13.104683177331367
2024-12-23 11:15:18,13.956292086792944
2024-12-23 11:45:56,13.629741004821362
2024-12-23 12:16:35,10.531839616795423
2024-12-23 12:47:13,11.38400090009068
2024-12-23 13:17:51,11.282506513944274
2024-12-23 13:48:30,8.512757539587367
2024-12-23 14:19:08,5.25366728715173
2024-12-23 14:49:46,1.9143646628642257
2024-12-23 15:20:24,5.176868012595356
2024-12-23 15:51:03,5.901894942453478
2024-12-23 16:21:41,2.7060482713316816
2024-12-23 16:52:19,2.7592654519391164
2024-12-23 17:22:57,0.41264247074169935
2024-12-23 17:53:36,3.950712515596057
2024-12-23 18:24:14,6.06561437838128
2024-12-23 18:54:52,4.112479063151392
2024-12-23 19:25:31,9.093738778330176
2024-12-23 19:56:09,10.96940784331182
2024-12-23 20:26:47,7.985371607987435
2024-12-23 20:57:25,6.484603883744837
2024-12-23 21:28:04,5.9476966105077285
2024-12-23 21:58:42,4.708377020296985
2024-12-23 22:29:20,7.40830537860911
2024-12-23 22:59:59,11.407962456791655
2024-12-23 23:00:00,11.407962456791655
2024-12-23 23:30:38,9.234056324513048
2024-12-24 00:01:16,10.965988321439053
2024-12-24 00:31:54,8.984019262698567
2024-12-24 01:02:33,4.922737377015292
2024-12-24 01:33:11,9.375990469197683
2024-12-24 02:03:49,8.632080759381267
2024-12-24 02:34:27,10.440012587158206
2024-12-24 03:05:06,13.945611206263393
2024-12-24 03:35:44,15.807474867479609
2024-12-24 04:06:22,19.266476534832755
2024-12-24 04:37:01,16.38464213334395
2024-12-24 05:07:39,18.287804590264724
2024-12-24 05:38:17,21.177096636380657
2024-12-24 06:08:55,21.279419373327073
2024-12-24 06:39:34,24.792080689768166
2024-12-24 07:10:12,20.58650038207432
2024-12-24 07:40:50,23.925544423277216
2024-12-24 08:11:28,23.516676230759668
2024-12-24 08:42:07,26.863607543604736
2024-12-24 09:12:45,27.51943081543405
2024-12-24 09:43:23,26.370122836338453
2024-12-24 10:14:02,26.693053550891207
2024-12-24 10:44:40,31.22826758962421
2024-12-24 11:15:18,33.993660886832004
2024-12-24 11:45:56,37.98154482763048
2024-12-24 12:16:35,38.538236254906266
2024-12-24 12:47:13,34.72054627921125
2024-12-24 13:17:51,34.4251272940369
2024-12-24 13:48:30,29.523180900080106
2024-12-24 14:19:08,25.11775245750986
2024-12-24 14:49:46,25.80100725387785
2024-12-24 15:20:24,28.6373673699498
2024-12-24 15:51:03,31.62183250859659
2024-12-24 16:21:41,35.22700401074002
2024-12-24 16:52:19,32.03724294910588
2024-12-24 17:22:57,36.388679793960364
2024-12-24 17:53:36,32.59082592424401
2024-12-24 18:24:14,36.38492105377834
2024-12-24 18:54:52,34.393072790461716
2024-12-24 19:25:31,36.428993784822225
2024-12-24 19:56:09,33.84602266332321
2024-12-24 20:26:47,29.28380661717892
2024-12-24 20:57:25,27.14138162473762
2024-12-24 21:28:04,25.92755621437614
2024-12-24 21:58:42,26.059070959890807
2024-12-24 22:29:20,28.1170443189319
2024-12-24 22:59:59,32.374819782332104
2024-12-24 23:00:00,32.374819782332104
2024-12-24 23:30:38,30.084725499745872
2024-12-25 00:01:16,26.906956978335856
2024-12-25 00:31:54,26.365427671278173
2024-12-25 01:02:33,30.578896520150003
2024-12-25 01:33:11,27.295021113945356
2024-12-25 02:03:49,32.00231976948044
2024-12-25 02:34:27,27.250731436949255
2024-12-25 03:05:06,24.017167615550253
2024-12-25 03:35:44,23.93551964696132
2024-12-25 04:06:22,25.406379056657258
2024-12-25 04:37:01,21.504345583786602
2024-12-25 05:07:39,23.905546524271173
2024-12-25 05:38:17,26.703439183727813
2024-12-25 06:08:55,23.35824941156085
2024-12-25 06:39:34,22.16784666387038
2024-12-25 07:10:12,26.65326651467214
2024-12-25 07:40:50,31.099569919877695
2024-12-25 08:11:28,29.270551289429072
2024-12-25 08:42:07,30.873813780138732
2024-12-25 09:12:45,30.48693466511041
2024-12-25 09:43:23,30.715016206874893
2024-12-25 10:14:02,27.502371840180167
2024-12-25 10:44:40,30.407548212014095
2024-12-25 11:15:18,29.075071842614925
2024-12-25 11:45:56,32.597656404684585
2024-12-25 12:16:35,32.54238302498723
2024-12-25 12:47:13,28.40154784264634
2024-12-25 13:17:51,27.776288519195305
2024-12-25 13:48:30,27.023087313012006
2024-12-25 14:19:08,25.153199488223517
2024-12-25 14:49:46,26.428782728331257
2024-12-25 15:20:24,24.797198565281892
2024-12-25 15:51:03,25.878702880091595
2024-12-25 16:21:41,29.13777894122218
2024-12-25 16:52:19,27.25697631123579
2024-12-25 17:22:57,27.370010567668924
2024-12-25 17:53:36,23.365583811074004
2024-12-25 18:24:14,21.275398851251566
2024-12-25 18:54:52,19.32719142809158
2024-12-25 19:25:31,23.932213963945284
2024-12-25 19:56:09,26.62037069244202
2024-12-25 20:26:47,28.148420205088858
2024-12-25 20:57:25,29.85188186500067
2024-12-25 21:28:04,31.521085667957486
2024-12-25 21:58:42,36.01075095776138
2024-12-25 22:29:20,32.056530973650226
2024-12-25 22:59:59,28.964174566177924
2024-12-25 23:00:00,28.964174566177924
2024-12-25 23:30:38,31.440240694265505
2024-12-26 00:01:16,32.792922819324005
2024-12-26 00:31:54,31.835898073189874
2024-12-26 01:02:33,31.83197626794093
2024-12-26 01:33:11,29.199756139854482
2024-12-26 02:03:49,33.408148463063924
2024-12-26 02:34:27,37.87155873736754
2024-12-26 03:05:06,37.08409927922985
2024-12-26 03:35:44,37.63960098999167
2024-12-26 04:06:22,39.93614986930241
2024-12-26 04:37:01,44.47807603164313
2024-12-26 05:07:39,49.12857906975564
2024-12-26 05:38:17,48.830822286319716
2024-12-26 06:08:55,44.838809275509966
2024-12-26 06:39:34,46.805020940008355
2024-12-26 07:10:12,47.943095218221046
2024-12-26 07:40:50,51.70854262121304
2024-12-26 08:11:28,55.458808346733576
2024-12-26 08:42:07,53.032350349314584
2024-12-26 09:12:45,52.47563261179683
2024-12-26 09:43:23,50.58418187074517
2024-12-26 10:14:02,52.917856602420514
2024-12-26 10:44:40,48.18014279839497
2024-12-26 11:15:18,45.00999062403035
2024-12-26 11:45:56,40.4467534702081
2024-12-26 12:16:35,40.94853404535886
2024-12-26 12:47:13,36.5856727354756
2024-12-26 13:17:51,39.292742896146336
2024-12-26 13:48:30,42.47378401588075
2024-12-26 14:19:08,42.01365332460109
2024-12-26 14:49:46,40.90797377336435
2024-12-26 15:20:24,36.516705458748596
2024-12-26 15:51:03,40.77922696967195
2024-12-26 16:21:41,39.73311746470087
2024-12-26 16:52:19,36.27727799258179
2024-12-26 17:22:57,35.56743669383179
2024-12-26 17:53:36,38.53960392481298
2024-12-26 18:24:14,41.78053542531804
2024-12-26 18:54:52,42.64837687767741
2024-12-26 19:25:31,44.888325515119604
2024-12-26 19:56:09,43.37623400526643
2024-12-26 20:26:47,43.15568790332917
2024-12-26 20:57:25,39.46329390488717
2024-12-26 21:28:04,37.21869902515507
2024-12-26 21:58:42,33.29896641448843
2024-12-26 22:29:20,29.55188266244427
2024-12-26 22:59:59,30.80176775685036
2024-12-26 23:00:00,30.80176775685036
2024-12-26 23:30:38,32.36438977959126
2024-12-27 00:01:16,31.913308845587572
2024-12-27 00:31:54,28.139766149411827
2024-12-27 01:02:33,24.54278845494975
2024-12-27 01:33:11,23.616017898209286
2024-12-27 02:03:49,25.272005318444286
2024-12-27 02:34:27,29.05582325589621
2024-12-27 03:05:06,30.42925526713738
2024-12-27 03:35:44,32.3715504206314
2024-12-27 04:06:22,28.17314112714262
2024-12-27 04:37:01,24.115491658980112
2024-12-27 05:07:39,22.743101371038097
2024-12-27 05:38:17,19.02189680604595
2024-12-27 06:08:55,19.734678614025803
2024-12-27 06:39:34,21.289809948066672
2024-12-27 07:10:12,22.851667330723444
2024-12-27 07:40:50,18.78493978251797
2024-12-27 08:11:28,15.77074800130753
2024-12-27 08:42:07,19.64756564920951
2024-12-27 09:12:45,17.118618732415296
2024-12-27 09:43:23,16.135340461550374
2024-12-27 10:14:02,14.82698558219368
2024-12-27 10:44:40,12.58412341729921
2024-12-27 11:15:18,17.481302953561975
2024-12-27 11:45:56,14.292906460840609
2024-12-27 12:16:35,18.30498795874566
2024-12-27 12:47:13,16.44168897581398
2024-12-27 13:17:51,17.095858724096036
2024-12-27 13:48:30,22.00300237358583
2024-12-27 14:19:08,24.094114623929524
2024-12-27 14:49:46,22.445577099037777
2024-12-27 15:20:24,23.50555552660947
2024-12-27 15:51:03,25.294518225993
2024-12-27 16:21:41,21.70986008375627
2024-12-27 16:52:19,22.09300173731194
2024-12-27 17:22:57,24.877560396605983
2024-12-27 17:53:36,22.910258938840556
2024-12-27 18:24:14,20.640972840028386
2024-12-27 18:54:52,20.231129225545157
2024-12-27 19:25:31,15.821620653730815
2024-12-27 19:56:09,18.7957750500248
2024-12-27 20:26:47,20.321231201716365
2024-12-27 20:57:25,21.645939407387317
2024-12-27 21:28:04,19.370977476697785
2024-12-27 21:58:42,23.12276230276446
2024-12-27 22:29:20,25.98570880246964
2024-12-27 22:59:59,23.1433967077488
2024-12-27 23:00:00,23.1433967077488
2024-12-27 23:30:38,24.645116870851705
2024-12-28 00:01:16,27.546609562484043
2024-12-28 00:31:54,23.978548555451194
2024-12-28 01:02:33,28.47501696276606
2024-12-28 01:33:11,31.857943404968392
2024-12-28 02:03:49,34.37670648046413
2024-12-28 02:34:27,32.40079341465021
2024-12-28 03:05:06,33.979052982836045
2024-12-28 03:35:44,38.63515365420931
2024-12-28 04:06:22,43.567114977389835
2024-12-28 04:37:01,46.33515735385082
2024-12-28 05:07:39,42.523295541159484
2024-12-28 05:38:17,43.73155249990951
2024-12-28 06:08:55,47.3115785943174
2024-12-28 06:39:34,49.841095558306364
2024-12-28 07:10:12,50.430041975227
2024-12-28 07:40:50,45.70700220827625
2024-12-28 08:11:28,44.44486154401399
2024-12-28 08:42:07,44.62241195973824
2024-12-28 09:12:45,40.96703476150991
2024-12-28 09:43:23,36.42761219130964
2024-12-28 10:14:02,36.364254774288554
2024-12-28 10:44:40,37.0149143566917
2024-12-28 11:15:18,41.872510371957354
2024-12-28 11:45:56,41.449093582828255
2024-12-28 12:16:35,38.52921870713123
2024-12-28 12:47:13,40.091690718082354
2024-12-28 13:17:51,40.079031510445986
2024-12-28 13:48:30,37.22252166376288
2024-12-28 14:19:08,37.9108508308443
2024-12-28 14:49:46,33.96437376830095
2024-12-28 15:20:24,37.75479008853582
2024-12-28 15:51:03,42.607287041173905
2024-12-28 16:21:41,47.21993441829757
2024-12-28 16:52:19,45.493407652823485
2024-12-28 17:22:57,43.68038148512442
2024-12-28 17:53:36,41.18240635604314
2024-12-28 18:24:14,40.210498692842286
2024-12-28 18:54:52,41.29318658674671
2024-12-28 19:25:31,38.8410179066982
2024-12-28 19:56:09,38.206825355683044
2024-12-28 20:26:47,40.9928428742688
2024-12-28 20:57:25,40.40347783156151
2024-12-28 21:28:04,41.07994887848911
2024-12-28 21:58:42,39.221331699630014
2024-12-28 22:29:20,34.925199221071196
2024-12-28 22:59:59,34.90682082932187
2024-12-28 23:00:00,34.90682082932187
2024-12-28 23:30:38,36.40319835847447
2024-12-29 00:01:16,32.33200728082005
2024-12-29 00:31:54,32.36253086197999
2024-12-29 01:02:33,35.5755099060929
2024-12-29 01:33:11,38.477893704411194
2024-12-29 02:03:49,41.05104478983823
2024-12-29 02:34:27,40.061002556983816
2024-12-29 03:05:06,40.749982465011854
2024-12-29 03:35:44,41.49081522033805
2024-12-29 04:06:22,44.38354688664788
2024-12-29 04:37:01,47.23466337848069
2024-12-29 05:07:39,48.7066417262609
2024-12-29 05:38:17,45.49578984020782
2024-12-29 06:08:55,49.341686399486335
2024-12-29 06:39:34,51.09054133458697
2024-12-29 07:10:12,51.46772239046146
2024-12-29 07:40:50,56.095841540683786
2024-12-29 08:11:28,55.24051412820284
2024-12-29 08:42:07,51.52779845328353
2024-12-29 09:12:45,55.87300501663111
2024-12-29 09:43:23,60.63860543482659
2024-12-29 10:14:02,61.24636291424487
2024-12-29 10:44:40,57.64530135094699
2024-12-29 11:15:18,53.07163356008091
2024-12-29 11:45:56,54.62630191430808
2024-12-29 12:16:35,53.58444231821156
2024-12-29 12:47:13,50.20092383257466
2024-12-29 13:17:51,53.23768915244216
2024-12-29 13:48:30,51.857930929126994
2024-12-29 14:19:08,51.8085405981029
2024-12-29 14:49:46,55.747117858377784
2024-12-29 15:20:24,58.77267734243809
2024-12-29 15:51:03,55.309078284923665
2024-12-29 16:21:41,59.84376880087298
2024-12-29 16:52:19,63.987054926850575
2024-12-29 17:22:57,60.16323511139269
2024-12-29 17:53:36,63.702353073371
2024-12-29 18:24:14,60.91743450652253
2024-12-29 18:54:52,61.9061664585857
2024-12-29 19:25:31,59.692904768388935
2024-12-29 19:56:09,58.13424966462281
2024-12-29 20:26:47,56.40132841064998
2024-12-29 20:57:25,57.57889013392766
2024-12-29 21:28:04,55.61190651188194
2024-12-29 21:58:42,52.8558904863927
2024-12-29 22:29:20,57.38705192750123
2024-12-29 22:59:59,52.507777413569265
2024-12-29 23:00:00,52.507777413569265
2024-12-29 23:30:38,50.888900954867296
2024-12-30 00:01:16,49.69732050736922
2024-12-30 00:31:54,54.35476742226518
2024-12-30 01:02:33,54.78775544681318
2024-12-30 01:33:11,52.58109930627362
2024-12-30 02:03:49,51.365698074879795
2024-12-30 02:34:27,55.5233000305584
2024-12-30 03:05:06,59.80228217255785
2024-12-30 03:35:44,59.178142597586
2024-12-30 04:06:22,55.42987092792456
2024-12-30 04:37:01,50.9017531792206
2024-12-30 05:07:39,52.1200743325746
2024-12-30 05:38:17,55.55765114363924
2024-12-30 06:08:55,57.20805144382415
2024-12-30 06:39:34,54.25127056826906
2024-12-30 07:10:12,52.61775012849402
2024-12-30 07:40:50,48.68650975664003
2024-12-30 08:11:28,44.89171519515325
2024-12-30 08:42:07,43.696360019971976
2024-12-30 09:12:45,48.43261795174092
2024-12-30 09:43:23,53.35243650851889
2024-12-30 10:14:02,55.56834508617043
2024-12-30 10:44:40,59.937857951313205
2024-12-30 11:15:18,60.83025923101326
2024-12-30 11:45:56,65.58883344194899
2024-12-30 12:16:35,68.20840890794963
2024-12-30 12:47:13,70.25674586067444
2024-12-30 13:17:51,73.026309032912
2024-12-30 13:48:30,73.3563528005493
2024-12-30 14:19:08,72.70540003593285
2024-12-30 14:49:46,74.53307805663745
2024-12-30 15:20:24,71.26322082602353
2024-12-30 15:51:03,75.44583018490678
2024-12-30 16:21:41,77.98192691956712
2024-12-30 16:52:19,79.23295422924802
2024-12-30 17:22:57,78.96047856828338
2024-12-30 17:53:36,76.35861383535998
2024-12-30 18:24:14,80.47340313569114
2024-12-30 18:54:52,84.39072869352145
2024-12-30 19:25:31,83.17930814643216
2024-12-30 19:56:09,85.19912622175237
2024-12-30 20:26:47,84.7793349947146
2024-12-30 20:57:25,86.9476692873966
2024-12-30 21:28:04,85.86389803262813
2024-12-30 21:58:42,82.18213998442856
2024-12-30 22:29:20,78.38968751876804
2024-12-30 22:59:59,73.6633562221175
2024-12-30 23:00:00,73.6633562221175
2024-12-30 23:30:38,72.60162512801331
2024-12-31 00:01:16,74.24203878240742
2024-12-31 00:31:54,78.97814696531441
2024-12-31 01:02:33,81.13211103302731
2024-12-31 01:33:11,77.08554319615322
2024-12-31 02:03:49,79.28407710154728
2024-12-31 02:34:27,76.04085420523867
2024-12-31 03:05:06,71.60282512885455
2024-12-31 03:35:44,74.68551156263658
2024-12-31 04:06:22,74.61376282985742
2024-12-31 04:37:01,71.63469561175273
2024-12-31 05:07:39,67.71914509317563
2024-12-31 05:38:17,69.38272108875323
2024-12-31 06:08:55,70.99983358899422
2024-12-31 06:39:34,72.17805063678269
2024-12-31 07:10:12,68.77415282461533
2024-12-31 07:40:50,70.83762470628093
2024-12-31 08:11:28,75.37508286832403
2024-12-31 08:42:07,72.26465043803998
2024-12-31 09:12:45,76.06698602743802
2024-12-31 09:43:23,71.42799521588341
2024-12-31 10:14:02,74.97250426222722
2024-12-31 10:44:40,74.22620991221305
2024-12-31 11:15:18,70.15750593249714
2024-12-31 11:45:56,72.72892016809907
2024-12-31 12:16:35,75.80829278305363
2024-12-31 12:47:13,74.27645415047857
2024-12-31 13:17:51,78.70990336676516
2024-12-31 13:48:30,81.50635227115204
2024-12-31 14:19:08,78.35033704718478
2024-12-31 14:49:46,82.22896795499413
2024-12-31 15:20:24,82.82416928982771
2024-12-31 15:51:03,85.72471663707736
2024-12-31 16:21:41,90.36041910609006
2024-12-31 16:52:19,86.74878845805648
2024-12-31 17:22:57,81.91514811183866
2024-12-31 17:53:36,81.52214871672092
2024-12-31 18:24:14,81.77417689331143
2024-12-31 18:54:52,77.21934363322046
2024-12-31 19:25:31,78.7826995650365
2024-12-31 19:56:09,79.07747308473694
2024-12-31 20:26:47,82.32724849869562
2024-12-31 20:57:25,84.68137526570825
2024-12-31 21:28:04,84.39947871849854
2024-12-31 21:58:42,88.52154630670663
2024-12-31 22:29:20,93.00838222113785
2024-12-31 22:59:59,91.66082534145772
2024-12-31 23:00:00,91.66082534145772
2024-12-31 23:30:38,88.26750491714735
2025-01-01 00:01:16,87.72621475081753
2025-01-01 00:31:54,85.45613582534237
2025-01-01 01:02:33,89.67342690989088
2025-01-01 01:33:11,87.80201924248232
2025-01-01 02:03:49,90.78144871577489
2025-01-01 02:34:27,89.2271338038875
2025-01-01 03:05:06,87.27807928429705
2025-01-01 03:35:44,85.5633128102721
2025-01-01 04:06:22,90.42412163472721
2025-01-01 04:37:01,93.82691497667743
2025-01-01 05:07:39,97.15334055132368
2025-01-01 05:38:17,98.08070830174667
2025-01-01 06:08:55,95.21260766432681
2025-01-01 06:39:34,96.8014338682548
2025-01-01 07:10:12,92.67616463763021
2025-01-01 07:40:50,89.50494253593592
2025-01-01 08:11:28,86.44333331739905
2025-01-01 08:42:07,91.37684839751488
2025-01-01 09:12:45,89.52435282690537
2025-01-01 09:43:23,94.20090101792336
2025-01-01 10:14:02,89.85701051867478
2025-01-01 10:44:40,88.22944683440367
2025-01-01 11:15:18,88.84331435339661
2025-01-01 11:45:56,92.47046392718481
2025-01-01 12:16:35,88.55817196137227
2025-01-01 12:47:13,88.12974148996145
2025-01-01 13:17:51,84.54104408635146
2025-01-01 13:48:30,83.66799694890032
2025-01-01 14:19:08,79.62508434169702
2025-01-01 14:49:46,77.27837028163148
2025-01-01 15:20:24,77.47540585565459
2025-01-01 15:51:03,77.21215731423045
2025-01-01 16:21:41,77.82734514116639
2025-01-01 16:52:19,79.50406426305238
2025-01-01 17:22:57,83.36874699221428
2025-01-01 17:53:36,79.47274072311089
2025-01-01 18:24:14,83.71972309529554
2025-01-01 18:54:52,88.6592071081349
2025-01-01 19:25:31,85.13196452354538
2025-01-01 19:56:09,88.67352131637709
2025-01-01 20:26:47,90.88876643234462
2025-01-01 20:57:25,89.48043285288338
2025-01-01 21:28:04,88.53074001718751
2025-01-01 21:58:42,84.63657402318181
2025-01-01 22:29:20,86.82092666460265
2025-01-01 22:59:59,85.77219801110068
2025-01-01 23:00:00,85.77219801110068
2025-01-01 23:30:38,89.4506218699403
2025-01-02 00:01:16,86.33721285668942
2025-01-02 00:31:54,87.85616019209388
2025-01-02 01:02:33,90.20768644969269
2025-01-02 01:33:11,93.83193326661123
2025-01-02 02:03:49,95.3309657697139
2025-01-02 02:34:27,95.70412158772032
2025-01-02 03:05:06,97.85735971186712
2025-01-02 03:35:44,100.0
2025-01-02 04:06:22,100.0
2025-01-02 04:37:01,95.54866834556634
2025-01-02 05:07:39,100.0
2025-01-02 05:38:17,100.0
2025-01-02 06:08:55,100.0
2025-01-02 06:39:34,100.0
2025-01-02 07:10:12,100.0
2025-01-02 07:40:50,100.0
2025-01-02 08:11:28,95.73751080338413
2025-01-02 08:42:07,92.50791320551618
2025-01-02 09:12:45,91.5075135376312
2025-01-02 09:43:23,93.13394704068494
2025-01-02 10:14:02,91.81609318740732
2025-01-02 10:44:40,96.2039508056385
2025-01-02 11:15:18,97.49591266555305
2025-01-02 11:45:56,100.0
2025-01-02 12:16:35,99.85758610165523
2025-01-02 12:47:13,100.0
2025-01-02 13:17:51,100.0
2025-01-02 13:48:30,100.0
2025-01-02 14:19:08,99.23561828804844
2025-01-02 14:49:46,94.94949345196365
2025-01-02 15:20:24,99.61098105317072
2025-01-02 15:51:03,100.0
2025-01-02 16:21:41,100.0
2025-01-02 16:52:19,96.50367528007081
2025-01-02 17:22:57,100.0
2025-01-02 17:53:36,95.46140255364426
2025-01-02 18:24:14,92.6257398891935
2025-01-02 18:54:52,88.50942954999145
2025-01-02 19:25:31,93.38962703195735
2025-01-02 19:56:09,93.67858906342954
2025-01-02 20:26:47,91.99627995779878
2025-01-02 20:57:25,89.39437365554694
2025-01-02 21:28:04,86.84087987779917
2025-01-02 21:58:42,89.46217848266231
2025-01-02 22:29:20,89.60438339413038
2025-01-02 22:59:59,91.1568792232793
2025-01-02 23:00:00,91.1568792232793
2025-01-02 23:30:38,94.3266484744695
2025-01-03 00:01:16,89.32798623253935
2025-01-03 00:31:54,92.69592604980845
2025-01-03 01:02:33,89.74294581442204
2025-01-03 01:33:11,94.27716549320537
2025-01-03 02:03:49,95.01992035917618
2025-01-03 02:34:27,95.4260121236906
2025-01-03 03:05:06,93.7266379576868
2025-01-03 03:35:44,91.94861100071526
2025-01-03 04:06:22,92.09435964051946
2025-01-03 04:37:01,95.77779124998418
2025-01-03 05:07:39,94.70216808330979
2025-01-03 05:38:17,92.0331930324274
2025-01-03 06:08:55,89.63991776135302
2025-01-03 06:39:34,88.07345701310473
2025-01-03 07:10:12,91.99567766804579
2025-01-03 07:40:50,95.82989618228663
2025-01-03 08:11:28,91.31109633943385
2025-01-03 08:42:07,88.4277850407132
2025-01-03 09:12:45,93.38165453110967
2025-01-03 09:43:23,89.24385829020947
2025-01-03 10:14:02,90.62175604875563
2025-01-03 10:44:40,94.48515896258043
2025-01-03 11:15:18,97.06780863239997
2025-01-03 11:45:56,97.37405251066679
2025-01-03 12:16:35,97.95108519196248
2025-01-03 12:47:13,97.79768958065884
2025-01-03 13:17:51,93.76717935504148
2025-01-03 13:48:30,92.34671134343898
2025-01-03 14:19:08,96.12703183018782
2025-01-03 14:49:46,93.12349531656137
2025-01-03 15:20:24,91.83703941604026
2025-01-03 15:51:03,90.5504656222603
2025-01-03 16:21:41,91.49637833733453
2025-01-03 16:52:19,93.9729815261022
2025-01-03 17:22:57,90.00167108278696
2025-01-03 17:53:36,87.72002702960555
2025-01-03 18:24:14,82.93121538210575
2025-01-03 18:54:52,84.09059111980885
2025-01-03 19:25:31,85.54328580285036
2025-01-03 19:56:09,90.11373158461643
2025-01-03 20:26:47,85.73162674499355
2025-01-03 20:57:25,86.81841770359961
2025-01-03 21:28:04,87.73070236003966
2025-01-03 21:58:42,87.23283404775215
2025-01-03 22:29:20,89.10516905319703
2025-01-03 22:59:59,93.25908471321104
2025-01-03 23:00:00,93.25908471321104
2025-01-03 23:30:38,90.4286400633658
2025-01-04 00:01:16,92.568656945013
2025-01-04 00:31:54,91.15729411418423
2025-01-04 01:02:33,90.54360365192878
2025-01-04 01:33:11,93.3568910869625
2025-01-04 02:03:49,90.42600791823861
2025-01-04 02:34:27,91.2041628419525
2025-01-04 03:05:06,89.8407234895807
2025-01-04 03:35:44,87.38256694538534
2025-01-04 04:06:22,82.8690663517103
2025-01-04 04:37:01,79.29717399238318
2025-01-04 05:07:39,74.58530593708015
2025-01-04 05:38:17,78.03847083951815
2025-01-04 06:08:55,75.34650789355027
2025-01-04 06:39:34,78.04208999353749
2025-01-04 07:10:12,73.6588188411693
2025-01-04 07:40:50,69.82077288310049
2025-01-04 08:11:28,73.16701707379869
2025-01-04 08:42:07,74.68330926523721
2025-01-04 09:12:45,74.59999377165306
2025-01-04 09:43:23,79.11010131815904
2025-01-04 10:14:02,82.14014941428026
2025-01-04 10:44:40,77.2161489055262
2025-01-04 11:15:18,77.66595697714598
2025-01-04 11:45:56,81.104072318926
2025-01-04 12:16:35,85.05272139378889
2025-01-04 12:47:13,81.4431648673911
2025-01-04 13:17:51,85.50413785174305
2025-01-04 13:48:30,89.13183444526977
2025-01-04 14:19:08,87.88918994790195
2025-01-04 14:49:46,89.49384155640102
2025-01-04 15:20:24,84.5609696133547
2025-01-04 15:51:03,81.08206898055593
2025-01-04 16:21:41,84.47319136777291
2025-01-04 16:52:19,83.42801700076792
2025-01-04 17:22:57,80.12030850520188
2025-01-04 17:53:36,79.9266260256841
2025-01-04 18:24:14,83.66281483198021
2025-01-04 18:54:52,80.46344714111328
2025-01-04 19:25:31,77.10088065745698
2025-01-04 19:56:09,77.32870704206078
2025-01-04 20:26:47,73.19980089372993
2025-01-04 20:57:25,72.66563605845792
2025-01-04 21:28:04,74.25686154201786
2025-01-04 21:58:42,70.38339737688665
2025-01-04 22:29:20,67.25217149801561
2025-01-04 22:59:59,63.24754223959963
2025-01-04 23:00:00,63.24754223959963
2025-01-04 23:30:38,65.14712676811737
2025-01-05 00:01:16,65.45005409666952
2025-01-05 00:31:54,63.847357354670386
2025-01-05 01:02:33,60.06213102101428
2025-01-05 01:33:11,56.45350945890674
2025-01-05 02:03:49,53.624269598577946
2025-01-05 02:34:27,50.42921039512012
2025-01-05 03:05:06,46.1082505326813
2025-01-05 03:35:44,45.32505366510266
2025-01-05 04:06:22,42.38462962929816
2025-01-05 04:37:01,46.751568315535906
2025-01-05 05:07:39,49.69646598896844
2025-01-05 05:38:17,53.64755992411722
2025-01-05 06:08:55,57.63086937133115
2025-01-05 06:39:34,56.23774636238866
2025-01-05 07:10:12,53.71093868271879
2025-01-05 07:40:50,50.87688764372387
2025-01-05 08:11:28,53.949050597597775
2025-01-05 08:42:07,56.73033563641301
2025-01-05 09:12:45,56.36586665185943
2025-01-05 09:43:23,57.68300931603217
2025-01-05 10:14:02,55.63965272295875
2025-01-05 10:44:40,51.488743445308224
2025-01-05 11:15:18,53.744011458131055
2025-01-05 11:45:56,50.67768201330181
2025-01-05 12:16:35,51.598607389112
2025-01-05 12:47:13,47.18091171341778
2025-01-05 13:17:51,43.51439389649291
2025-01-05 13:48:30,46.15857243537033
2025-01-05 14:19:08,50.543202144074755
2025-01-05 14:49:46,46.836463685810436
2025-01-05 15:20:24,43.6305131534819
2025-01-05 15:51:03,46.72896053656687
2025-01-05 16:21:41,43.905961474847565
2025-01-05 16:52:19,41.14645163696146
2025-01-05 17:22:57,43.535014578752666
2025-01-05 17:53:36,45.699453537490996
2025-01-05 18:24:14,48.12999570787943
2025-01-05 18:54:52,48.44447476564104
2025-01-05 19:25:31,44.16765971559525
2025-01-05 19:56:09,47.970527914870424
2025-01-05 20:26:47,48.59818785811094
2025-01-05 20:57:25,46.64512915812226
2025-01-05 21:28:04,47.758752414364764
2025-01-05 21:58:42,43.461860203686186
2025-01-05 22:29:20,47.799117729920525
2025-01-05 22:59:59,44.57029528214497
2025-01-05 23:00:00,44.57029528214497
2025-01-05 23:30:38,42.976516242498164
2025-01-06 00:01:16,46.973562176712385
2025-01-06 00:31:54,47.79418978109519
2025-01-06 01:02:33,49.48310842419377
2025-01-06 01:33:11,48.68563489388078
2025-01-06 02:03:49,45.84567700794805
2025-01-06 02:34:27,45.12555360829961
2025-01-06 03:05:06,48.712043061041456
2025-01-06 03:35:44,51.080731598297554
2025-01-06 04:06:22,54.540838563058394
2025-01-06 04:37:01,52.16564567230455
2025-01-06 05:07:39,51.84986440411005
2025-01-06 05:38:17,56.607315837882
2025-01-06 06:08:55,51.702564741453564
2025-01-06 06:39:34,56.09965828633662
2025-01-06 07:10:12,52.42038753271877
2025-01-06 07:40:50,51.7275439731389
2025-01-06 08:11:28,53.90777997190787
2025-01-06 08:42:07,51.808283100574876
2025-01-06 09:12:45,47.717645813624095
2025-01-06 09:43:23,46.837038805234386
2025-01-06 10:14:02,51.33857822532273
2025-01-06 10:44:40,56.2960142105609
2025-01-06 11:15:18,54.94013635757971
2025-01-06 11:45:56,51.941953951227745
2025-01-06 12:16:35,49.90393358963999
2025-01-06 12:47:13,52.77052205370012
2025-01-06 13:17:51,51.841017780932106
2025-01-06 13:48:30,52.79547919844769
2025-01-06 14:19:08,54.25018986727287
2025-01-06 14:49:46,52.90166237080414
2025-01-06 15:20:24,48.470401135724856
2025-01-06 15:51:03,53.19503571566842
2025-01-06 16:21:41,48.599417127758464
2025-01-06 16:52:19,46.47218387682595
2025-01-06 17:22:57,45.70577719042657
2025-01-06 17:53:36,45.5431339256922
2025-01-06 18:24:14,45.090130789798096
2025-01-06 18:54:52,47.48689368814207
2025-01-06 19:25:31,47.823787241365366
2025-01-06 19:56:09,48.624625840846235
2025-01-06 20:26:47,47.86089705648565
2025-01-06 20:57:25,45.71217762439662
2025-01-06 21:28:04,50.0297324794247
2025-01-06 21:58:42,52.489438450823506
2025-01-06 22:29:20,51.995871881589956
2025-01-06 22:59:59,52.73432183200593
2025-01-06 23:00:00,52.73432183200593
2025-01-06 23:30:38,52.87537600128256
2025-01-07 00:01:16,48.90869326524006
2025-01-07 00:31:54,46.88624849884378
2025-01-07 01:02:33,42.05178155281164
2025-01-07 01:33:11,40.74556117591124
2025-01-07 02:03:49,40.20610315149918
2025-01-07 02:34:27,44.4067714142961
2025-01-07 03:05:06,46.33317343476923
2025-01-07 03:35:44,48.07194971823756
2025-01-07 04:06:22,51.126575558586154
2025-01-07 04:37:01,54.82918859748748
2025-01-07 05:07:39,57.30078266778518
2025-01-07 05:38:17,57.037483529133986
2025-01-07 06:08:55,60.31003094797575
2025-01-07 06:39:34,58.317601230018866
2025-01-07 07:10:12,58.72692515031091
2025-01-07 07:40:50,60.99968880670973
2025-01-07 08:11:28,61.4452386246638
2025-01-07 08:42:07,59.95354086243896
2025-01-07 09:12:45,58.00103256308145
2025-01-07 09:43:23,59.24266753037229
2025-01-07 10:14:02,62.49517766327355
2025-01-07 10:44:40,63.24811951718308
2025-01-07 11:15:18,60.910218960910704
2025-01-07 11:45:56,58.98968870720688
2025-01-07 12:16:35,59.55810879150458
2025-01-07 12:47:13,61.10277759841347
2025-01-07 13:17:51,58.016497981999876
2025-01-07 13:48:30,62.76174853639958
2025-01-07 14:19:08,65.06908330778772
2025-01-07 14:49:46,61.39955145181911
2025-01-07 15:20:24,56.48444551894169
2025-01-07 15:51:03,56.98722621424861
2025-01-07 16:21:41,57.904130364111126
2025-01-07 16:52:19,58.876776363106956
2025-01-07 17:22:57,62.718910194460804
2025-01-07 17:53:36,61.80104325321462
2025-01-07 18:24:14,62.407505693673905
2025-01-07 18:54:52,63.12951863313687
2025-01-07 19:25:31,67.06334818642087
2025-01-07 19:56:09,64.91081418801328
2025-01-07 20:26:47,67.60384519380425
2025-01-07 20:57:25,64.02359749796727
2025-01-07 21:28:04,61.75751651624554
2025-01-07 21:58:42,62.27979557463187
2025-01-07 22:29:20,66.42597302768223
2025-01-07 22:59:59,68.6835459674258
2025-01-07 23:00:00,68.6835459674258
2025-01-07 23:30:38,64.60508899437974
2025-01-08 00:01:16,69.24175267581336
2025-01-08 00:31:54,65.74843801996509
2025-01-08 01:02:33,66.20488774735668
2025-01-08 01:33:11,61.929084361002886
2025-01-08 02:03:49,62.76306322967668
2025-01-08 02:34:27,58.891086639393556
2025-01-08 03:05:06,61.3592451257328
2025-01-08 03:35:44,57.29859326329477
2025-01-08 04:06:22,59.61418857504543
2025-01-08 04:37:01,58.89513541373229
2025-01-08 05:07:39,63.33305210490943
2025-01-08 05:38:17,60.05043858723347
2025-01-08 06:08:55,64.11157952514836
2025-01-08 06:39:34,60.196298749774854
2025-01-08 07:10:12,56.292990433333024
2025-01-08 07:40:50,53.56262834950381
2025-01-08 08:11:28,52.605872279659906
2025-01-08 08:42:07,52.29350703277523
2025-01-08 09:12:45,47.71025839076038
2025-01-08 09:43:23,43.02160240999579
2025-01-08 10:14:02,45.85909949003471
2025-01-08 10:44:40,43.19639287574351
2025-01-08 11:15:18,42.11698280319719
2025-01-08 11:45:56,46.206224908322014
2025-01-08 12:16:35,43.2968530294328
2025-01-08 12:47:13,45.6579328667249
2025-01-08 13:17:51,41.29270386409327
2025-01-08 13:48:30,38.16561270374777
2025-01-08 14:19:08,33.96615335053805
2025-01-08 14:49:46,33.33242043799001
2025-01-08 15:20:24,34.27955296850345
2025-01-08 15:51:03,34.82579059870555
2025-01-08 16:21:41,30.7636853240068
2025-01-08 16:52:19,29.93756424115677
2025-01-08 17:22:57,30.76859049838628
2025-01-08 17:53:36,27.318561659081666
2025-01-08 18:24:14,30.9717524690326
2025-01-08 18:54:52,35.8731342263716
2025-01-08 19:25:31,35.6678847471963
2025-01-08 19:56:09,39.477555814461056
2025-01-08 20:26:47,42.11390691753966
2025-01-08 20:57:25,37.13258311773276
2025-01-08 21:28:04,33.331057662251254
2025-01-08 21:58:42,37.98600854508537
2025-01-08 22:29:20,41.196644797166826
2025-01-08 22:59:59,40.09276792635144
2025-01-08 23:00:00,40.09276792635144
2025-01-08 23:30:38,43.69905328407139
2025-01-09 00:01:16,48.419837069286885
2025-01-09 00:31:54,52.214200693745184
2025-01-09 01:02:33,47.48994002633291
2025-01-09 01:33:11,46.993066710812634
2025-01-09 02:03:49,42.82389973395992
2025-01-09 02:34:27,47.585884491019556
2025-01-09 03:05:06,48.195056679142276
2025-01-09 03:35:44,49.20937538786599
2025-01-09 04:06:22,51.97907774042447
2025-01-09 04:37:01,48.0362500260215
2025-01-09 05:07:39,49.67047341225077
2025-01-09 05:38:17,54.49717644801643
2025-01-09 06:08:55,52.28289069598988
2025-01-09 06:39:34,56.25182755140283
2025-01-09 07:10:12,51.69583055749757
2025-01-09 07:40:50,51.63184548404894
2025-01-09 08:11:28,49.27894751910408
2025-01-09 08:42:07,54.09667531734697
2025-01-09 09:12:45,58.938904846881115
2025-01-09 09:43:23,62.13522493880046
2025-01-09 10:14:02,59.813626802913824
2025-01-09 10:44:40,57.30353960428851
2025-01-09 11:15:18,54.55461035019695
2025-01-09 11:45:56,53.34536092173278
2025-01-09 12:16:35,52.41284044790493
2025-01-09 12:47:13,53.12783758008425
2025-01-09 13:17:51,57.60419409175702
2025-01-09 13:48:30,53.286138521849686
2025-01-09 14:19:08,51.42820099586613
2025-01-09 14:49:46,55.99754077446988
2025-01-09 15:20:24,51.27266916925185
2025-01-09 15:51:03,50.15947321107543
2025-01-09 16:21:41,49.36185804366601
2025-01-09 16:52:19,48.54677761358545
2025-01-09 17:22:57,44.23874998960848
2025-01-09 17:53:36,46.36179094811677
2025-01-09 18:24:14,41.97341956321603
2025-01-09 18:54:52,46.90929669232934
2025-01-09 19:25:31,48.73043320775993
2025-01-09 19:56:09,49.4363506853517
2025-01-09 20:26:47,53.36231159031057
2025-01-09 20:57:25,48.79488837776553
2025-01-09 21:28:04,44.64703904601979
2025-01-09 21:58:42,43.61750843053663
2025-01-09 22:29:20,41.22377554260372
2025-01-09 22:59:59,37.05919956941747
